1,2,51,27,0,0,1,0.955,10.67,138,1,1.06,0.94,1
2,1,20,9,0,0,1,0.971,11.22,138,1,1.06,0.94,1
3,1,39,10,0,0,1,0.968,11.56,138,1,1.06,0.94,1
4,2,39,12,0,0,1,0.998,15.28,138,1,1.06,0.94,1
5,1,0,0,0,-40,1,1.002,15.73,138,1,1.06,0.94,1
6,2,52,22,0,0,1,0.99,13,138,1,1.06,0.94,1
7,1,19,2,0,0,1,0.989,12.56,138,1,1.06,0.94,1
8,2,28,0,0,0,1,1.015,20.77,345,1,1.06,0.94,1
9,1,0,0,0,0,1,1.043,28.02,345,1,1.06,0.94,1
10,2,0,0,0,0,1,1.05,35.61,345,1,1.06,0.94,1
11,1,70,23,0,0,1,0.985,12.72,138,1,1.06,0.94,1
12,2,47,10,0,0,1,0.99,12.2,138,1,1.06,0.94,1
13,1,34,16,0,0,1,0.968,11.35,138,1,1.06,0.94,1
14,1,14,1,0,0,1,0.984,11.5,138,1,1.06,0.94,1
15,2,90,30,0,0,1,0.97,11.23,138,1,1.06,0.94,1
16,1,25,10,0,0,1,0.984,11.91,138,1,1.06,0.94,1
17,1,11,3,0,0,1,0.995,13.74,138,1,1.06,0.94,1
18,2,60,34,0,0,1,0.973,11.53,138,1,1.06,0.94,1
19,2,45,25,0,0,1,0.963,11.05,138,1,1.06,0.94,1
20,1,18,3,0,0,1,0.958,11.93,138,1,1.06,0.94,1
21,1,14,8,0,0,1,0.959,13.52,138,1,1.06,0.94,1
22,1,10,5,0,0,1,0.97,16.08,138,1,1.06,0.94,1
23,1,7,3,0,0,1,1,21,138,1,1.06,0.94,1
24,2,13,0,0,0,1,0.992,20.89,138,1,1.06,0.94,1
25,2,0,0,0,0,1,1.05,27.93,138,1,1.06,0.94,1
26,2,0,0,0,0,1,1.015,29.71,345,1,1.06,0.94,1
27,2,71,13,0,0,1,0.968,15.35,138,1,1.06,0.94,1
28,1,17,7,0,0,1,0.962,13.62,138,1,1.06,0.94,1
29,1,24,4,0,0,1,0.963,12.63,138,1,1.06,0.94,1
30,1,0,0,0,0,1,0.968,18.79,345,1,1.06,0.94,1
31,2,43,27,0,0,1,0.967,12.75,138,1,1.06,0.94,1
32,2,59,23,0,0,1,0.964,14.8,138,1,1.06,0.94,1
33,1,23,9,0,0,1,0.972,10.63,138,1,1.06,0.94,1
34,2,59,26,0,14,1,0.986,11.3,138,1,1.06,0.94,1
35,1,33,9,0,0,1,0.981,10.87,138,1,1.06,0.94,1
36,2,31,17,0,0,1,0.98,10.87,138,1,1.06,0.94,1
37,1,0,0,0,-25,1,0.992,11.77,138,1,1.06,0.94,1
38,1,0,0,0,0,1,0.962,16.91,345,1,1.06,0.94,1
39,1,27,11,0,0,1,0.97,8.41,138,1,1.06,0.94,1
40,2,66,23,0,0,1,0.97,7.35,138,1,1.06,0.94,1
41,1,37,10,0,0,1,0.967,6.92,138,1,1.06,0.94,1
42,2,96,23,0,0,1,0.985,8.53,138,1,1.06,0.94,1
43,1,18,7,0,0,1,0.978,11.28,138,1,1.06,0.94,1
44,1,16,8,0,10,1,0.985,13.82,138,1,1.06,0.94,1
45,1,53,22,0,10,1,0.987,15.67,138,1,1.06,0.94,1
46,2,28,10,0,10,1,1.005,18.49,138,1,1.06,0.94,1
47,1,34,0,0,0,1,1.017,20.73,138,1,1.06,0.94,1
48,1,20,11,0,15,1,1.021,19.93,138,1,1.06,0.94,1
49,2,87,30,0,0,1,1.025,20.94,138,1,1.06,0.94,1
50,1,17,4,0,0,1,1.001,18.9,138,1,1.06,0.94,1
51,1,17,8,0,0,1,0.967,16.28,138,1,1.06,0.94,1
52,1,18,5,0,0,1,0.957,15.32,138,1,1.06,0.94,1
53,1,23,11,0,0,1,0.946,14.35,138,1,1.06,0.94,1
54,2,113,32,0,0,1,0.955,15.26,138,1,1.06,0.94,1
55,2,63,22,0,0,1,0.952,14.97,138,1,1.06,0.94,1
56,2,84,18,0,0,1,0.954,15.16,138,1,1.06,0.94,1
57,1,12,3,0,0,1,0.971,16.36,138,1,1.06,0.94,1
58,1,12,3,0,0,1,0.959,15.51,138,1,1.06,0.94,1
59,2,277,113,0,0,1,0.985,19.37,138,1,1.06,0.94,1
60,1,78,3,0,0,1,0.993,23.15,138,1,1.06,0.94,1
61,2,0,0,0,0,1,0.995,24.04,138,1,1.06,0.94,1
62,2,77,14,0,0,1,0.998,23.43,138,1,1.06,0.94,1
63,1,0,0,0,0,1,0.969,22.75,345,1,1.06,0.94,1
64,1,0,0,0,0,1,0.984,24.52,345,1,1.06,0.94,1
65,2,0,0,0,0,1,1.005,27.65,345,1,1.06,0.94,1
66,2,39,18,0,0,1,1.05,27.48,138,1,1.06,0.94,1
67,1,28,7,0,0,1,1.02,24.84,138,1,1.06,0.94,1
68,1,0,0,0,0,1,1.003,27.55,345,1,1.06,0.94,1
69,3,0,0,0,0,1,1.035,30,138,1,1.06,0.94,1
70,2,66,20,0,0,1,0.984,22.58,138,1,1.06,0.94,1
71,1,0,0,0,0,1,0.987,22.15,138,1,1.06,0.94,1
72,2,12,0,0,0,1,0.98,20.98,138,1,1.06,0.94,1
73,2,6,0,0,0,1,0.991,21.94,138,1,1.06,0.94,1
74,2,68,27,0,12,1,0.958,21.64,138,1,1.06,0.94,1
75,1,47,11,0,0,1,0.967,22.91,138,1,1.06,0.94,1
76,2,68,36,0,0,1,0.943,21.77,138,1,1.06,0.94,1
77,2,61,28,0,0,1,1.006,26.72,138,1,1.06,0.94,1
78,1,71,26,0,0,1,1.003,26.42,138,1,1.06,0.94,1
79,1,39,32,0,20,1,1.009,26.72,138,1,1.06,0.94,1
80,2,130,26,0,0,1,1.04,28.96,138,1,1.06,0.94,1
81,1,0,0,0,0,1,0.997,28.1,345,1,1.06,0.94,1
82,1,54,27,0,20,1,0.989,27.24,138,1,1.06,0.94,1
83,1,20,10,0,10,1,0.985,28.42,138,1,1.06,0.94,1
84,1,11,7,0,0,1,0.98,30.95,138,1,1.06,0.94,1
85,2,24,15,0,0,1,0.985,32.51,138,1,1.06,0.94,1
86,1,21,10,0,0,1,0.987,31.14,138,1,1.06,0.94,1
87,2,0,0,0,0,1,1.015,31.4,161,1,1.06,0.94,1
88,1,48,10,0,0,1,0.987,35.64,138,1,1.06,0.94,1
89,2,0,0,0,0,1,1.005,39.69,138,1,1.06,0.94,1
90,2,163,42,0,0,1,0.985,33.29,138,1,1.06,0.94,1
91,2,10,0,0,0,1,0.98,33.31,138,1,1.06,0.94,1
92,2,65,10,0,0,1,0.993,33.8,138,1,1.06,0.94,1
93,1,12,7,0,0,1,0.987,30.79,138,1,1.06,0.94,1
94,1,30,16,0,0,1,0.991,28.64,138,1,1.06,0.94,1
95,1,42,31,0,0,1,0.981,27.67,138,1,1.06,0.94,1
96,1,38,15,0,0,1,0.993,27.51,138,1,1.06,0.94,1
97,1,15,9,0,0,1,1.011,27.88,138,1,1.06,0.94,1
98,1,34,8,0,0,1,1.024,27.4,138,1,1.06,0.94,1
99,2,42,0,0,0,1,1.01,27.04,138,1,1.06,0.94,1
100,2,37,18,0,0,1,1.017,28.03,138,1,1.06,0.94,1
101,1,22,15,0,0,1,0.993,29.61,138,1,1.06,0.94,1
102,1,5,3,0,0,1,0.991,32.3,138,1,1.06,0.94,1
103,2,23,16,0,0,1,1.001,24.44,138,1,1.06,0.94,1
104,2,38,25,0,0,1,0.971,21.69,138,1,1.06,0.94,1
105,2,31,26,0,20,1,0.965,20.57,138,1,1.06,0.94,1
106,1,43,16,0,0,1,0.962,20.32,138,1,1.06,0.94,1
107,2,50,12,0,6,1,0.952,17.53,138,1,1.06,0.94,1
108,1,2,1,0,0,1,0.967,19.38,138,1,1.06,0.94,1
109,1,8,3,0,0,1,0.967,18.93,138,1,1.06,0.94,1
110,2,39,30,0,6,1,0.973,18.09,138,1,1.06,0.94,1
111,2,0,0,0,0,1,0.98,19.74,138,1,1.06,0.94,1
112,2,68,13,0,0,1,0.975,14.99,138,1,1.06,0.94,1
113,2,6,0,0,0,1,0.993,13.74,138,1,1.06,0.94,1
114,1,8,3,0,0,1,0.96,14.46,138,1,1.06,0.94,1
115,1,22,7,0,0,1,0.96,14.46,138,1,1.06,0.94,1
116,2,184,0,0,0,1,1.005,27.12,138,1,1.06,0.94,1
117,1,20,8,0,0,1,0.974,10.67,138,1,1.06,0.94,1
118,1,33,15,0,0,1,0.949,21.92,138,1,1.06,0.94,1
1,1,90,49,0,0,1,1.0284,5.95,115,1,1.06,0.94,2
2,1,56,15,0,0,1,1.0354,7.74,115,1,1.06,0.94,2
3,1,20,0,0,0,1,0.9971,6.64,230,1,1.06,0.94,2
4,1,0,0,0,0,1,1.0308,4.71,345,1,1.06,0.94,2
5,1,353,130,0,0,1,1.0191,4.68,115,1,1.06,0.94,2
6,1,120,41,0,0,1,1.0312,6.99,115,1,1.06,0.94,2
7,1,0,0,0,0,1,0.9934,6.19,230,1,1.06,0.94,2
8,2,63,14,0,0,1,1.0153,2.4,115,1,1.06,0.94,2
9,1,96,43,0,0,1,1.0034,2.85,115,1,1.06,0.94,2
10,2,153,33,0,0,1,1.0205,1.35,230,1,1.06,0.94,2
11,1,83,21,0,0,1,1.0057,2.46,115,1,1.06,0.94,2
12,1,0,0,0,0,1,0.9974,5.21,230,1,1.06,0.94,2
13,1,58,10,0,0,1,0.9977,-0.55,115,1,1.06,0.94,2
14,1,160,60,0,0,1,0.9991,-4.81,115,1,1.06,0.94,2
15,1,126.7,23,0,0,1,1.0343,-8.59,115,1,1.06,0.94,2
16,1,0,0,0,0,1,1.0315,-2.65,345,1,1.06,0.94,2
17,1,561,220,0,0,1,1.0649,-13.1,115,1,1.06,0.94,2
18,1,0,0,0,0,1,0.982,1.08,230,1,1.06,0.94,2
19,2,605,120,0,0,1,1.001,-2.46,115,1,1.06,0.94,2
20,1,77,1,0,0,1,0.9752,1.62,230,1,1.06,0.94,2
21,1,81,23,0,0,1,0.9963,-1.97,115,1,1.06,0.94,2
22,1,21,7,0,0,1,1.0501,3.94,115,1,1.06,0.94,2
23,1,0,0,0,0,1,1.0057,6.02,230,1,1.06,0.94,2
24,1,45,12,0,0,1,1.0234,1.44,115,1,1.06,0.94,2
25,1,28,9,0,0,1,0.9986,-1.73,115,1,1.06,0.94,2
26,1,69,13,0,0,1,0.975,-4.9,115,1,1.06,0.94,2
27,1,55,6,0,0,1,1.0244,-12.02,115,1,1.06,0.94,2
28,1,0,0,0,0,1,1.0414,-7.94,345,1,1.06,0.94,2
29,1,0,0,0,0,1,0.9757,-25.72,115,1,1.06,0.94,2
30,1,0,0,0,0,1,1.0011,-22.59,230,1,1.06,0.94,2
31,1,85,32,0,0,1,1.0201,-11.23,115,1,1.06,0.94,2
32,1,155,18,0,0,1,1.0202,-12.56,115,1,1.06,0.94,2
33,1,0,0,0,0,1,1.0535,-5.81,345,1,1.06,0.94,2
34,1,46,-21,0,0,1,1.0216,-12.78,115,1,1.06,0.94,2
35,1,86,0,0,0,1,1.0292,-10.45,115,1,1.06,0.94,2
36,1,0,0,0,0,1,1.0448,-7.44,345,1,1.06,0.94,2
37,1,39,9,0,0,1,1.0006,-16.79,115,1,1.06,0.94,2
38,1,195,29,0,0,1,1.0086,-17.47,115,1,1.06,0.94,2
39,1,0,0,0,0,1,1.0215,-14.74,230,1,1.06,0.94,2
40,1,0,0,0,0,1,1.0344,-11.75,345,1,1.06,0.94,2
41,1,58,11.8,0,0,1,0.9777,-23.17,115,1,1.06,0.94,2
42,1,41,19,0,0,1,1.0019,-16.09,115,1,1.06,0.94,2
43,1,92,26,0,0,1,1.0475,-2.95,115,1,1.06,0.94,2
44,1,-5,5,0,0,1,1.0253,-8.15,115,1,1.06,0.94,2
45,1,61,28,0,0,1,0.9979,-11.86,115,1,1.06,0.94,2
46,1,69,3,0,0,1,0.9959,-17.6,115,1,1.06,0.94,2
47,1,10,1,0,0,1,1.005,-16.25,115,1,1.06,0.94,2
48,1,22,10,0,0,1,1.015,-12.21,115,1,1.06,0.94,2
49,1,98,20,0,0,1,1.0335,-8,115,1,1.06,0.94,2
50,1,14,1,0,0,1,0.9918,-5.99,115,1,1.06,0.94,2
51,1,218,106,0,0,1,0.9789,-5.29,115,1,1.06,0.94,2
52,1,0,0,0,0,1,1.0246,-9.56,230,1,1.06,0.94,2
53,1,227,110,0,0,1,0.9906,-3.47,115,1,1.06,0.94,2
54,1,0,0,0,0,1,1.016,-1.1,230,1,1.06,0.94,2
55,2,70,30,0,0,1,0.9583,-17.62,115,1,1.06,0.94,2
56,1,0,0,0,0,1,0.948,-12.97,230,1,1.06,0.94,2
57,1,0,0,0,0,1,0.963,-25.66,115,1,1.06,0.94,2
58,1,56,20,0,0,1,0.9513,-35.16,115,1,1.06,0.94,2
59,1,116,38,0,0,1,0.9793,-29.88,115,1,1.06,0.94,2
60,1,57,19,0,0,1,0.9696,-27.48,115,1,1.06,0.94,2
61,1,224,71,0,0,1,0.9775,-25.77,115,1,1.06,0.94,2
62,1,0,0,0,0,1,0.9964,-22,230,1,1.06,0.94,2
63,2,208,107,0,0,1,0.9632,-26.54,115,1,1.06,0.94,2
64,1,74,28,0,0,1,0.9837,-24.94,115,1,1.06,0.94,2
65,1,0,0,0,0,1,0.99,-24.05,115,1,1.06,0.94,2
66,1,48,14,0,0,1,0.982,-24.97,115,1,1.06,0.94,2
67,1,28,7,0,0,1,0.9872,-24.97,115,1,1.06,0.94,2
68,1,0,0,0,0,1,1.034,-18.89,345,1,1.06,0.94,2
69,2,37,13,0,0,1,1.025,-17.16,115,1,1.06,0.94,2
70,1,0,0,0,0,1,0.9872,-17.68,230,1,1.06,0.94,2
71,1,0,0,0,0,1,0.9909,-14.19,230,1,1.06,0.94,2
72,1,0,0,0,0,1,0.9921,-7.77,230,1,1.06,0.94,2
73,1,0,0,0,0,1,1.0151,-20.96,230,1,1.06,0.94,2
74,1,44.2,0,0,0,1,1.0317,-11.13,115,1,1.06,0.94,2
75,1,66,0,0,0,1,1.0272,-11.23,115,1,1.06,0.94,2
76,2,17.4,0,0,0,1,1.052,-9.4,115,1,1.06,0.94,2
77,2,15.8,0,0,0,1,1.052,-6.2,115,1,1.06,0.94,2
78,1,60.3,0,0,0,1,0.993,-9.42,115,1,1.06,0.94,2
79,1,39.9,0,0,0,1,1.0183,-13.24,115,1,1.06,0.94,2
80,2,66.7,0,0,0,1,1,-14.6,115,1,1.06,0.94,2
81,1,83.5,0,0,0,1,0.9894,-20.27,115,1,1.06,0.94,2
82,1,0,0,0,0,1,1.006,-14.45,115,1,1.06,0.94,2
83,1,77.8,0,0,0,1,1.0008,-15.23,115,1,1.06,0.94,2
84,1,32,0,0,0,1,1.0288,-12.06,115,1,1.06,0.94,2
85,1,8.6,0,0,0,1,0.9958,-17.33,115,1,1.06,0.94,2
86,1,49.6,0,0,0,1,1.0223,-12.94,115,1,1.06,0.94,2
87,1,4.6,0,0,0,1,1.0095,-16.03,115,1,1.06,0.94,2
88,2,112.1,0,0,0,1,0.99,-20.26,115,1,1.06,0.94,2
89,1,30.7,0,0,0,1,0.9749,-26.06,115,1,1.06,0.94,2
90,1,63,0,0,0,1,0.973,-24.72,115,1,1.06,0.94,2
91,1,19.6,0,0,0,1,0.9725,-28.69,115,1,1.06,0.94,2
92,1,26.2,0,0,0,1,0.97,-25.38,115,1,1.06,0.94,2
93,1,18.2,0,0,0,1,0.9747,-28.59,115,1,1.06,0.94,2
94,1,0,0,0,0,1,0.9603,-13.57,115,2,1.06,0.94,2
95,1,0,0,0,0,1,1.0249,-12.69,115,2,1.06,0.94,2
96,1,0,0,0,325,1,0.9348,-4.72,115,2,1.06,0.94,2
97,1,14.1,650,0,0,1,0.9298,-4.12,115,2,1.06,0.94,2
98,2,0,0,0,0,1,1.0435,5.17,115,2,1.06,0.94,2
99,1,777,215,0,55,1,0.9584,-8.77,115,2,1.06,0.94,2
100,1,535,55,0,0,1,0.9871,-12.64,115,2,1.06,0.94,2
101,1,229.1,11.8,0,0,1,0.9728,-14.36,115,2,1.06,0.94,2
102,1,78,1.4,0,0,1,1.0006,-17.64,115,2,1.06,0.94,2
103,2,276.4,59.3,0,0,1,1.0233,-13.49,115,2,1.06,0.94,2
104,2,514.8,82.7,0,0,1,1.0103,-18.43,115,2,1.06,0.94,2
105,1,57.9,5.1,0,0,1,0.9978,-12.86,115,2,1.06,0.94,2
106,1,380.8,37,0,0,1,1.0001,-10.52,230,2,1.06,0.94,2
107,1,0,0,0,0,1,1.0024,-4.78,230,2,1.06,0.94,2
108,1,0,0,0,0,1,1.0028,-4.4,230,2,1.06,0.94,2
109,1,0,0,0,0,1,1.0191,5.56,230,2,1.06,0.94,2
110,1,0,0,0,0,1,0.9861,6.06,230,2,1.06,0.94,2
111,1,0,0,0,0,1,1.0045,3.04,230,2,1.06,0.94,2
112,1,0,0,0,0,1,1.002,-5.46,230,2,1.06,0.94,2
113,1,0,0,0,0,1,1.022,-8.04,230,2,1.06,0.94,2
114,1,169.2,41.6,0,0,1,1.0193,-6.76,230,2,1.06,0.94,2
115,1,55.2,18.2,0,0,1,1.0476,1.54,230,2,1.06,0.94,2
116,1,273.6,99.8,0,0,1,1.0471,-1.45,230,2,1.06,0.94,2
117,2,1019.2,135.2,0,0,1,1.055,-6.35,230,2,1.06,0.94,2
118,1,595,83.3,0,0,1,1.0117,-3.57,115,2,1.06,0.94,2
119,1,387.7,114.7,0,0,1,1.043,-3.44,230,2,1.06,0.94,2
120,2,145,58,0,0,1,1.051,0.05,230,2,1.06,0.94,2
121,1,56.5,24.5,0,0,1,1.0155,-2.77,230,2,1.06,0.94,2
122,2,89.5,35.5,0,0,1,1.0435,4.03,230,2,1.06,0.94,2
123,1,0,0,0,0,1,1.016,-0.7,230,2,1.06,0.94,2
124,1,24,14,0,0,1,1.0081,-0.16,230,2,1.06,0.94,2
125,2,0,0,0,0,1,1.0528,4.32,230,2,1.06,0.94,2
126,2,0,0,0,0,1,1.0528,8.36,230,2,1.06,0.94,2
127,1,63,25,0,0,1,1.0577,0.28,230,2,1.06,0.94,2
128,2,0,0,0,0,1,1.0735,5.23,230,2,1.06,0.94,2
129,1,0,0,0,0,1,0.9869,6.34,230,2,1.06,0.94,2
130,1,0,0,0,0,1,1.0048,4.13,230,2,1.06,0.94,2
131,2,17,9,0,0,1,1.0535,9.24,230,2,1.06,0.94,2
132,2,0,0,0,0,1,1.0435,10.46,230,2,1.06,0.94,2
133,1,70,5,0,34.5,1,0.9663,-1.8,115,2,1.06,0.94,2
134,1,200,50,0,0,1,1.0177,6.75,230,2,1.06,0.94,2
135,2,75,50,0,0,1,0.963,5.15,115,2,1.06,0.94,2
136,1,123.5,-24.3,0,0,1,0.9845,-11.93,230,2,1.06,0.94,2
137,1,0,0,0,0,1,0.9987,-11.4,230,2,1.06,0.94,2
138,1,33,16.5,0,0,1,0.9867,-9.82,230,2,1.06,0.94,2
139,1,0,0,0,0,1,0.9998,-12.55,230,2,1.06,0.94,2
140,1,35,15,0,0,1,1.036,8.85,230,2,1.06,0.94,2
141,1,85,24,0,0,1,0.9918,18.5,230,2,1.06,0.94,2
142,1,0,0.4,0,0,1,1.041,2.91,230,2,1.06,0.94,2
143,1,0,0,0,-212,1,0.9839,9.66,230,2,1.06,0.94,2
144,1,0,0,0,0,1,1.0002,26.31,230,2,1.06,0.94,2
145,1,0,0,0,-103,1,0.9973,30.22,230,2,1.06,0.94,2
146,1,299.9,95.7,0,0,1,0.9715,-6.91,230,2,1.06,0.94,2
147,1,0,0,0,0,1,1.0024,-4.8,230,2,1.06,0.94,2
148,1,0,0,0,0,1,0.9879,-6.68,230,2,1.06,0.94,2
149,2,481.8,205,0,0,1,0.929,0.09,115,2,1.06,0.94,2
150,2,763.6,291.1,0,0,1,0.9829,-9.94,115,2,1.06,0.94,2
151,1,26.5,0,0,0,1,1.0244,-6.22,115,2,1.06,0.94,2
152,1,163.5,43,0,53,1,0.9837,-12.75,115,2,1.06,0.94,2
153,1,0,0,0,0,1,1.0622,-2.69,115,2,1.06,0.94,2
154,1,176,83,0,0,1,0.973,-7.21,115,2,1.06,0.94,2
155,2,5,4,0,0,1,1.0522,4.67,115,2,1.06,0.94,2
156,2,28,12,0,0,1,1.0077,0.62,115,2,1.06,0.94,2
157,1,427.4,173.6,0,0,1,0.9397,-6.56,115,2,1.06,0.94,2
158,1,74,29,0,45,1,0.9699,-9.37,115,2,1.06,0.94,2
159,1,69.5,49.3,0,0,1,0.9793,-3.09,115,2,1.06,0.94,2
160,1,73.4,0,0,0,1,1.0518,-1.33,230,2,1.06,0.94,2
161,1,240.7,89,0,0,1,1.0447,-4.19,230,2,1.06,0.94,2
162,1,40,4,0,0,1,0.9717,7.12,115,2,1.06,0.94,2
163,1,136.8,16.6,0,0,1,1.0386,-6.85,230,2,1.06,0.94,2
164,2,0,0,0,0,1,1.0522,-4.33,230,2,1.06,0.94,2
165,2,59.8,24.3,0,0,1,1.065,2.17,230,2,1.06,0.94,2
166,2,59.8,24.3,0,0,1,1.065,1.4,230,2,1.06,0.94,2
167,1,182.6,43.6,0,0,1,1.0533,-0.72,230,2,1.06,0.94,2
168,1,7,2,0,0,1,0.9975,-25.84,66,3,1.06,0.94,2
169,2,0,0,0,-150,1,1.0551,-20.62,345,3,1.06,0.94,2
170,2,489,53,0,0,1,1.0435,12.25,230,3,1.06,0.94,2
171,1,800,72,0,0,1,0.9374,-11.18,230,3,1.06,0.94,2
172,1,0,0,0,0,1,0.9897,-26.09,66,3,1.06,0.94,2
173,1,0,0,0,0,1,1.0489,-19.21,345,3,1.06,0.94,2
174,1,0,0,0,0,1,1.0357,-20.79,345,3,1.06,0.94,2
175,1,10,3,0,0,1,0.9695,-25.32,115,3,1.06,0.94,2
176,1,43,14,0,0,1,0.9907,-23.72,115,3,1.06,0.94,2
177,2,64,21,0,0,1,1.015,-20.58,115,3,1.06,0.94,2
178,1,35,12,0,0,1,0.9528,-26.05,115,3,1.06,0.94,2
179,1,27,12,0,0,1,0.955,-25.93,115,3,1.06,0.94,2
180,1,41,14,0,0,1,0.9692,-27.49,66,1,1.06,0.94,2
181,1,38,13,0,0,1,0.9908,-25.33,66,3,1.06,0.94,2
182,1,42,14,0,0,1,1.0033,-22.35,115,3,1.06,0.94,2
183,1,72,24,0,0,1,0.9718,-25.7,66,3,1.06,0.94,2
184,1,0,-5,0,0,1,0.9838,-26.07,66,3,1.06,0.94,2
185,1,12,2,0,0,1,0.9992,-27.41,66,3,1.06,0.94,2
186,1,-21,-14.2,0,0,1,1.0137,-27.44,66,1,1.06,0.94,2
187,1,7,2,0,0,1,0.9929,-26.28,66,3,1.06,0.94,2
188,1,38,13,0,0,1,0.9999,-25.66,66,3,1.06,0.94,2
189,1,0,0,0,0,1,0.9788,-24.22,115,3,1.06,0.94,2
190,1,96,7,0,0,1,1.0017,-23.31,115,3,1.06,0.94,2
191,1,0,0,0,0,1,1.0132,-22.51,138,3,1.06,0.94,2
192,2,0,0,0,0,1,1.01,-11.67,16.5,3,1.06,0.94,2
193,1,22,16,0,0,1,0.9919,-17.53,138,3,1.06,0.94,2
194,1,47,26,0,0,1,0.9866,-20.23,138,3,1.06,0.94,2
195,1,176,105,0,0,1,0.9751,-22.53,138,3,1.06,0.94,2
196,1,100,75,0,0,1,1.0215,-22.2,138,3,1.06,0.94,2
197,1,131,96,0,0,1,1.0075,-22.63,138,3,1.06,0.94,2
198,1,0,0,0,0,1,1.0554,-21.15,345,3,1.06,0.94,2
199,2,285,100,0,0,1,1.008,-21.73,138,3,1.06,0.94,2
200,2,171,70,0,0,1,1,-22.49,138,3,1.06,0.94,2
201,2,328,188,0,0,1,1.05,-23.17,20,3,1.06,0.94,2
202,1,428,232,0,0,1,0.9965,-22.7,138,3,1.06,0.94,2
203,1,173,99,0,0,1,1.0002,-21.55,230,3,1.06,0.94,2
204,1,410,40,0,0,1,0.9453,-11.34,230,3,1.06,0.94,2
205,1,0,0,0,0,1,1.018,-21.61,230,3,1.06,0.94,2
206,2,538,369,0,0,1,1,-27.22,27,3,1.06,0.94,2
207,1,223,148,0,0,1,1.0423,-20.94,138,3,1.06,0.94,2
208,1,96,46,0,0,1,1.0496,-19.94,138,3,1.06,0.94,2
209,2,0,0,0,0,1,1.04,-13.82,20,3,1.06,0.94,2
210,1,159,107,0,-300,1,1.0535,-21.22,345,3,1.06,0.94,2
211,1,448,143,0,0,1,1.0414,-23.19,138,3,1.06,0.94,2
212,2,404,212,0,0,1,1,-25.9,66,3,1.06,0.94,2
213,1,572,244,0,0,1,1.0387,-20.89,138,3,1.06,0.94,2
214,1,269,157,0,0,1,1.0095,-21.03,138,3,1.06,0.94,2
215,2,0,0,0,0,1,1.0165,-15.4,20,3,1.06,0.94,2
216,1,0,0,0,0,1,1.0558,-21.1,345,3,1.06,0.94,2
217,2,255,149,0,-150,1,1.01,-20.94,138,3,1.06,0.94,2
218,2,0,0,0,0,1,1,-15.86,138,3,1.06,0.94,2
219,1,0,0,0,-140,1,1.0237,-20.14,230,3,1.06,0.94,2
220,2,0,0,0,0,1,1.05,-16.5,20,3,1.06,0.94,2
221,2,0,0,0,0,1,0.993,-17.53,138,3,1.06,0.94,2
222,2,8,3,0,0,1,1.01,-19.27,66,3,1.06,0.94,2
223,1,0,0,0,0,1,0.9921,-20.21,66,3,1.06,0.94,2
224,1,61,30,0,0,1,0.9711,-20.9,66,3,1.06,0.94,2
225,1,77,33,0,0,1,0.9651,-21.74,66,3,1.06,0.94,2
226,1,61,30,0,0,1,0.9688,-21.67,66,3,1.06,0.94,2
227,1,29,14,0,45.6,1,0.976,-25.23,66,3,1.06,0.94,2
228,1,29,14,0,0,1,0.9752,-25.65,66,3,1.06,0.94,2
229,1,-23,-17,0,0,1,1.0196,-23.8,66,3,1.06,0.94,2
230,1,-33.1,-29.4,0,0,1,1.0251,-20.06,230,3,1.06,0.94,2
231,1,115.8,-24,0,0,1,1.0152,1.48,230,1,1.06,0.94,2
232,1,2.4,-12.6,0,0,1,1.0146,-2.23,115,1,1.06,0.94,2
233,1,2.4,-3.9,0,0,1,1.0005,-17.61,115,1,1.06,0.94,2
234,1,-14.9,26.5,0,0,1,0.981,-13.69,230,1,1.06,0.94,2
235,1,24.7,-1.2,0,0,1,0.975,-23.42,115,1,1.06,0.94,2
236,1,145.3,-34.9,0,0,1,0.9429,-34.31,115,1,1.06,0.94,2
237,1,28.1,-20.5,0,0,1,0.9723,-37.58,115,1,1.06,0.94,2
238,1,14,2.5,0,0,1,0.9604,-29.1,115,1,1.06,0.94,2
239,1,-11.1,-1.4,0,0,1,1.0009,-23.36,115,1,1.06,0.94,2
240,1,50.5,17.4,0,0,1,0.9777,-28,230,1,1.06,0.94,2
241,1,29.6,0.6,0,0,1,0.9583,-28.79,115,1,1.06,0.94,2
242,1,-113.7,76.7,0,0,1,1.0309,-17,345,3,1.06,0.94,2
243,1,100.31,29.17,0,0,1,1.0128,3.9,86,2,1.06,0.94,2
244,1,-100,34.17,0,0,1,1.0244,-7.52,86,2,1.06,0.94,2
245,1,0,0,0,0,1,1.0122,-15.18,115,2,1.06,0.94,2
246,1,0,0,0,0,1,0.9653,-14.94,115,3,1.06,0.94,2
247,2,0,0,0,0,1,1.0507,10.79,13.8,1,1.06,0.94,2
248,2,0,0,0,0,1,1.0507,12.48,13.8,1,1.06,0.94,2
249,2,0,0,0,0,1,1.0323,13.76,13.8,1,1.06,0.94,2
250,2,0,0,0,0,1,1.0145,4.99,13.8,1,1.06,0.94,2
251,2,0,0,0,0,1,1.0507,11.57,13.8,1,1.06,0.94,2
252,2,0,0,0,0,1,1.0507,-10.47,13.8,1,1.06,0.94,2
253,2,0,0,0,0,1,1.0507,6.15,13.8,1,1.06,0.94,2
254,2,0,0,0,0,1,1.029,12.6,13.8,1,1.06,0.94,2
255,2,0,0,0,0,1,1.05,2.11,20,1,1.06,0.94,2
256,2,0,0,0,0,1,1.0145,-13.92,13.8,1,1.06,0.94,2
257,3,0,0,0,0,1,1.0507,0,13.8,1,1.06,0.94,2
258,2,0,0,0,0,1,0.9967,-7.5,13.8,1,1.06,0.94,2
259,2,0,0,0,0,1,1.0212,-3.44,13.8,1,1.06,0.94,2
260,2,0,0,0,0,1,1.0145,1.97,13.8,1,1.06,0.94,2
261,2,0,0,0,0,1,1.0017,5.8,13.8,1,1.06,0.94,2
262,2,0,0,0,0,1,0.9893,-25.35,13.8,1,1.06,0.94,2
263,2,0,0,0,0,1,1.0507,19.02,13.8,2,1.06,0.94,2
264,2,0,0,0,0,1,1.0507,2.75,13.8,2,1.06,0.94,2
265,2,0,0,0,0,1,1.0145,35.05,13.8,2,1.06,0.94,2
266,1,0,0,0,0,1,1.0117,-11.25,115,9,1.06,0.94,2
267,2,4.2,0,0,0,1,0.9945,-18.86,6.6,9,1.06,0.94,2
268,1,2.71,0.94,0.14,2.4,1,0.9833,-19.68,6.6,9,1.06,0.94,2
269,1,0.86,0.28,0,0,1,0.9768,-19.82,6.6,9,1.06,0.94,2
270,1,0,0,0,0,1,1.0117,-11.32,115,9,1.06,0.94,2
271,1,0,0,0,0,1,1.0029,-17.42,6.6,9,1.06,0.94,2
272,1,0,0,0,0,1,0.9913,-18.69,6.6,9,1.06,0.94,2
273,1,0,0,0,0,1,1.0023,-17.27,6.6,9,1.06,0.94,2
274,1,4.75,1.56,0,0,1,0.9887,-19.09,6.6,9,1.06,0.94,2
275,1,1.53,0.53,0.08,0,1,0.9648,-21.67,0.6,9,1.06,0.94,2
276,1,0,0,0,0,1,0.9747,-19.41,6.6,9,1.06,0.94,2
277,1,1.35,0.47,0.07,0,1,0.9706,-21.43,0.6,9,1.06,0.94,2
278,1,0.45,0.16,0.02,0,1,0.9649,-20.48,0.6,9,1.06,0.94,2
279,1,0.45,0.16,0.02,0,1,0.9657,-20.39,0.6,9,1.06,0.94,2
280,1,1.84,0.64,0.1,0,1,0.9318,-25.03,0.6,9,1.06,0.94,2
281,1,1.39,0.48,0.07,0,1,0.9441,-23.84,0.6,9,1.06,0.94,2
282,1,1.89,0.65,0.1,0,1,0.9286,-25.33,0.6,9,1.06,0.94,2
283,1,1.55,0.54,0.08,1.72,1,0.9973,-21.1,0.6,9,1.06,0.94,2
284,1,1.66,0.58,0.09,0,1,0.9506,-23.19,0.6,9,1.06,0.94,2
285,1,3.03,1,0,0,1,0.9598,-22.67,2.3,9,1.06,0.94,2
286,1,1.86,0.64,0.1,0,1,0.957,-22.58,0.6,9,1.06,0.94,2
287,1,2.58,0.89,0.14,0,1,0.9391,-24.41,0.6,9,1.06,0.94,2
288,1,1.01,0.35,0.05,0,1,0.9636,-21.33,0.6,9,1.06,0.94,2
289,1,0.81,0.28,0.04,0,1,0.9501,-22.5,0.6,9,1.06,0.94,2
290,1,1.6,0.52,0,0,1,0.9646,-21.42,2.3,9,1.06,0.94,2
291,1,0,0,0,0,1,0.979,-19.78,6.6,9,1.06,0.94,2
292,2,35.81,0,0,0,1,1,-19.4,13.8,9,1.06,0.94,2
293,1,30,23,0,0,1,0.9786,-17.25,13.8,9,1.06,0.94,2
294,2,26.48,0,0,0,1,1,-17.68,13.8,9,1.06,0.94,2
295,2,0,0,0,0,1,1,-6.83,13.8,9,1.06,0.94,2
296,2,0,0,0,0,1,1,-7.54,13.8,9,1.06,0.94,2
297,1,1.02,0.35,0.05,0,1,0.9752,-20.48,0.6,9,1.06,0.94,2
298,1,1.02,0.35,0.05,0,1,0.9803,-19.92,0.6,9,1.06,0.94,2
299,1,3.8,1.25,0,0,1,0.9799,-19.3,6.6,9,1.06,0.94,2
300,1,1.19,0.41,0.1,0,1,1.0402,-18.24,2.3,9,1.06,0.94,2
